{
    "CD":[
        {
            "id": 1,
            "title": "The Dark Side of the Moon",
            "author": "Pink Floyd",
            "price": 10,
            "thumbnail": "https://upload.wikimedia.org/wikipedia/en/3/3b/Dark_Side_of_the_Moon.png",
            "dateDeSortie": "1973-03-01",
            "quantite": 1
        },
        {
            "id": 2,
            "title": "Pulse",
            "author": "Pink Floyd",
            "price": 10,
            "thumbnail": "https://pinkfloydhyperbase.dk/illu/covers/pulse.jpg",
            "dateDeSortie": "1995-11-01",
            "quantite": 230,
            "onsale": true
        },
        {
            "id": 3,
            "title": "Pulse1",
            "author": "Punk Flood",
            "price": 100,
            "thumbnail": "https://pinkfloydhyperbase.dk/illu/covers/pulse.jpg",
            "dateDeSortie": "1995-11-01",
            "quantite": 1
        }
    ]
}